corrida,archivo,clase_real,prediccion,confianza,correcta
effb0_noaug,01_early-blight-or-target-spot-alternaria-solani-lesions-on-a-tomato-AXK6AY.jpg,Potato___Early_blight,Tomato_Septoria_leaf_spot,0.8331295251846313,False
effb0_noaug,02_earlyblightpotato.jpg,Potato___Early_blight,Tomato_Early_blight,0.9699609279632568,False
effb0_noaug,03_potato-early-blight-alternaria-alternata-lesion-on-a-potato-leaf-a1w1em.jpg,Potato___Early_blight,Potato___Early_blight,0.4370630979537964,True
effb0_noaug,04_potatobd001.jpg,Potato___Early_blight,Tomato_Early_blight,0.9746005535125732,False
effb0_noaug,05_early-blight-alternaria-alternata-leaf-spotting-on-potato-leaf-X91XJE.jpg,Potato___Early_blight,Potato___Early_blight,0.4782795310020447,True
effb0_noaug,01_5816740026_d42ef24413_Phytophthora-Infestans.jpg,Potato___Late_blight,Tomato_Late_blight,0.9869387149810791,False
effb0_noaug,02_potato-late-blight.jpg,Potato___Late_blight,Tomato_Late_blight,0.9999611377716064,False
effb0_noaug,03_2540_600.jpg,Potato___Late_blight,Tomato_Late_blight,0.9987159967422485,False
effb0_noaug,04_1421_0.jpeg_itok=FMtmgePj.jpg,Potato___Late_blight,Potato___Late_blight,0.6890235543251038,True
effb0_noaug,05_B2750109-Late_blight_on_a_potato_plant-SPL.jpg,Potato___Late_blight,Tomato_Late_blight,0.8380953073501587,False
effb0_noaug,01_tomato_V8.jpg,Tomato_Bacterial_spot,Tomato_Late_blight,0.7541366219520569,False
effb0_noaug,02_tomato_bacterial-speck_01_zoom.jpg,Tomato_Bacterial_spot,Pepper__bell___healthy,0.7342166900634766,False
effb0_noaug,03_Tom_Bact3.jpg,Tomato_Bacterial_spot,Tomato_Septoria_leaf_spot,0.8773695826530457,False
effb0_noaug,04_%2320+Bacterial+Spot+and+Speck.jpg,Tomato_Bacterial_spot,Tomato_Bacterial_spot,0.48975101113319397,True
effb0_noaug,05_Bacterial_spots563.jpg,Tomato_Bacterial_spot,Pepper__bell___healthy,0.5044441223144531,False
effb0_noaug,01_bugs-and-blight-061.jpg,Tomato_Early_blight,Tomato_Early_blight,0.986674964427948,True
effb0_noaug,02_Shoemaker_7068.JPG.jpg,Tomato_Early_blight,Tomato_Early_blight,0.9601723551750183,True
effb0_noaug,03_1234080-Early-Blight.jpg,Tomato_Early_blight,Tomato_Late_blight,0.5490964651107788,False
effb0_noaug,04_early_blight1-150x150.jpg,Tomato_Early_blight,Tomato_Early_blight,0.8899930119514465,True
effb0_noaug,05_dscn3175.jpg,Tomato_Early_blight,Tomato_Early_blight,0.5269722938537598,True
effb0_noaug,01_late_blight_tomato_leaf_spore1x1200.jpg,Tomato_Late_blight,Tomato_Leaf_Mold,0.9280810356140137,False
effb0_noaug,02_LateBlt09_06.jpg,Tomato_Late_blight,Tomato_Late_blight,0.6284573674201965,True
effb0_noaug,03_dsc_8148cs.jpg,Tomato_Late_blight,Tomato_Early_blight,0.7604033946990967,False
effb0_noaug,04_70.jpg,Tomato_Late_blight,Pepper__bell___healthy,0.5009185075759888,False
effb0_noaug,05_110822-206-Tomato-blight.jpg,Tomato_Late_blight,Tomato_Late_blight,0.9155876040458679,True
effb0_noaug,01_636227737977191231-septoria-leaf-spot-VT.jpg,Tomato_Septoria_leaf_spot,Tomato_Early_blight,0.5933173894882202,False
effb0_noaug,02_2STEM.jpg,Tomato_Septoria_leaf_spot,Tomato_Late_blight,0.7109559178352356,False
effb0_noaug,03_early-blight-septoria-ls-fig-3.jpg,Tomato_Septoria_leaf_spot,Tomato_Late_blight,0.6814448833465576,False
effb0_noaug,04_0.jpg,Tomato_Septoria_leaf_spot,Tomato_Late_blight,0.807006299495697,False
effb0_noaug,05_2septoria-tomato.jpg,Tomato_Septoria_leaf_spot,Tomato_Septoria_leaf_spot,0.5036844611167908,True
effb0_aug,01_early-blight-or-target-spot-alternaria-solani-lesions-on-a-tomato-AXK6AY.jpg,Potato___Early_blight,Tomato_Early_blight,0.9924311637878418,False
effb0_aug,02_earlyblightpotato.jpg,Potato___Early_blight,Tomato_Early_blight,0.8583773970603943,False
effb0_aug,03_potato-early-blight-alternaria-alternata-lesion-on-a-potato-leaf-a1w1em.jpg,Potato___Early_blight,Potato___Late_blight,0.7206652760505676,False
effb0_aug,04_potatobd001.jpg,Potato___Early_blight,Potato___Late_blight,0.6310077905654907,False
effb0_aug,05_early-blight-alternaria-alternata-leaf-spotting-on-potato-leaf-X91XJE.jpg,Potato___Early_blight,Potato___Late_blight,0.7098524570465088,False
effb0_aug,01_5816740026_d42ef24413_Phytophthora-Infestans.jpg,Potato___Late_blight,Tomato_Late_blight,0.9968017339706421,False
effb0_aug,02_potato-late-blight.jpg,Potato___Late_blight,Tomato_Late_blight,0.9978796243667603,False
effb0_aug,03_2540_600.jpg,Potato___Late_blight,Tomato_Late_blight,0.9601806998252869,False
effb0_aug,04_1421_0.jpeg_itok=FMtmgePj.jpg,Potato___Late_blight,Potato___Late_blight,0.7563095092773438,True
effb0_aug,05_B2750109-Late_blight_on_a_potato_plant-SPL.jpg,Potato___Late_blight,Pepper__bell___healthy,0.6487461924552917,False
effb0_aug,01_tomato_V8.jpg,Tomato_Bacterial_spot,Tomato_Late_blight,0.6644735336303711,False
effb0_aug,02_tomato_bacterial-speck_01_zoom.jpg,Tomato_Bacterial_spot,Pepper__bell___healthy,0.4609256386756897,False
effb0_aug,03_Tom_Bact3.jpg,Tomato_Bacterial_spot,Tomato_Late_blight,0.7307505011558533,False
effb0_aug,04_%2320+Bacterial+Spot+and+Speck.jpg,Tomato_Bacterial_spot,Tomato_Late_blight,0.6217870712280273,False
effb0_aug,05_Bacterial_spots563.jpg,Tomato_Bacterial_spot,Tomato_Late_blight,0.8479254841804504,False
effb0_aug,01_bugs-and-blight-061.jpg,Tomato_Early_blight,Tomato_Early_blight,0.9024402499198914,True
effb0_aug,02_Shoemaker_7068.JPG.jpg,Tomato_Early_blight,Tomato_Early_blight,0.8219432234764099,True
effb0_aug,03_1234080-Early-Blight.jpg,Tomato_Early_blight,Pepper__bell___healthy,0.5537747740745544,False
effb0_aug,04_early_blight1-150x150.jpg,Tomato_Early_blight,Tomato_Early_blight,0.9543779492378235,True
effb0_aug,05_dscn3175.jpg,Tomato_Early_blight,Tomato_Early_blight,0.5631802678108215,True
effb0_aug,01_late_blight_tomato_leaf_spore1x1200.jpg,Tomato_Late_blight,Tomato_Late_blight,0.694916844367981,True
effb0_aug,02_LateBlt09_06.jpg,Tomato_Late_blight,Tomato_Early_blight,0.3796069920063019,False
effb0_aug,03_dsc_8148cs.jpg,Tomato_Late_blight,Tomato_Late_blight,0.8913280367851257,True
effb0_aug,04_70.jpg,Tomato_Late_blight,Tomato_Late_blight,0.546760618686676,True
effb0_aug,05_110822-206-Tomato-blight.jpg,Tomato_Late_blight,Tomato_Late_blight,0.989080011844635,True
effb0_aug,01_636227737977191231-septoria-leaf-spot-VT.jpg,Tomato_Septoria_leaf_spot,Tomato_Early_blight,0.538769543170929,False
effb0_aug,02_2STEM.jpg,Tomato_Septoria_leaf_spot,Tomato_Septoria_leaf_spot,0.9877607822418213,True
effb0_aug,03_early-blight-septoria-ls-fig-3.jpg,Tomato_Septoria_leaf_spot,Tomato_Early_blight,0.9235917329788208,False
effb0_aug,04_0.jpg,Tomato_Septoria_leaf_spot,Potato___Late_blight,0.4971546530723572,False
effb0_aug,05_2septoria-tomato.jpg,Tomato_Septoria_leaf_spot,Tomato_Septoria_leaf_spot,0.9441552758216858,True
