corrida,modelo,augmentation,perturbacion,accuracy,balanced_acc,macro_f1
mnv3s_noaug,mobilenet_v3_small,False,clean,0.9915225500169549,0.9885866766650994,0.9873170059737214
mnv3s_noaug,mobilenet_v3_small,False,dark,0.9721939640556121,0.9629049183859668,0.9685574660607222
mnv3s_noaug,mobilenet_v3_small,False,bright,0.9816887080366226,0.9738820742326642,0.9752250583814974
mnv3s_noaug,mobilenet_v3_small,False,rotation_25,0.8775856222448287,0.8597173350242492,0.8653976070849692
mnv3s_noaug,mobilenet_v3_small,False,zoom_20,0.9626992200746015,0.9457103689691981,0.951783074461574
mnv3s_noaug,mobilenet_v3_small,False,blur,0.7884028484231943,0.7836087177947075,0.7859801586053633
mnv3s_aug,mobilenet_v3_small,True,clean,0.9888097660223805,0.9822611041363597,0.9852769411286288
mnv3s_aug,mobilenet_v3_small,True,dark,0.9874533740250933,0.9822822536124682,0.9830048013995732
mnv3s_aug,mobilenet_v3_small,True,bright,0.9871142760257714,0.9834111095739074,0.9852994519310151
mnv3s_aug,mobilenet_v3_small,True,rotation_25,0.9820278060359444,0.9765705752471081,0.9769332670789966
mnv3s_aug,mobilenet_v3_small,True,zoom_20,0.9911834520176331,0.9908895418005822,0.9910430395711832
mnv3s_aug,mobilenet_v3_small,True,blur,0.9786368260427264,0.975892692027686,0.9744081904231391
effb0_noaug,efficientnet_b0,False,clean,0.9935571380128857,0.990311778026557,0.9902747493009236
effb0_noaug,efficientnet_b0,False,dark,0.9908443540183113,0.988320239698605,0.9875578575656985
effb0_noaug,efficientnet_b0,False,bright,0.9918616480162767,0.9885891319778319,0.9888785416108044
effb0_noaug,efficientnet_b0,False,rotation_25,0.9114954221770092,0.9005101903548614,0.9038383618898794
effb0_noaug,efficientnet_b0,False,zoom_20,0.9803323160393353,0.9763222363414957,0.97584963006939
effb0_noaug,efficientnet_b0,False,blur,0.7395727365208545,0.7548080344164256,0.7561898024968189
effb0_aug,efficientnet_b0,True,clean,0.9942353340115293,0.9922363948082106,0.9926524122800849
effb0_aug,efficientnet_b0,True,dark,0.9945744320108512,0.9924998677888035,0.9927553215368458
effb0_aug,efficientnet_b0,True,bright,0.9918616480162767,0.9899780821617064,0.9903349847310388
effb0_aug,efficientnet_b0,True,rotation_25,0.9911834520176331,0.9885572792680396,0.9902732526682011
effb0_aug,efficientnet_b0,True,zoom_20,0.993218040013564,0.9903855165457256,0.9914101064096
effb0_aug,efficientnet_b0,True,blur,0.9837232960325534,0.9792870558065035,0.9797502386705557
