clase,n,área hoja,energía en hoja,energía/área,pointing game
Tomate: virus del mosaico,53,0.2512662146226415,0.5360215548074471,2.1542227039431188,1.0
Tomate: tizón tardío,273,0.3132811069139194,0.5474849701637313,1.9425286850677892,0.8424908424908425
Tomate: moho foliar,136,0.3107335707720588,0.6204690591377371,2.0708598489811822,0.9852941176470589
Tomate: sana,228,0.40412828947368423,0.6348924857743999,1.5959150284540022,0.9956140350877193
Tomate: tizón temprano,143,0.382421875,0.6371481462375267,1.7064560971964977,0.8951048951048951
Tomate: septoriosis,253,0.3702715847332016,0.6644103055886129,1.8869601545507644,0.9841897233201581
Papa: sana,21,0.49029389880952384,0.6660158918017433,1.359663156123586,1.0
Papa: tizón tardío,143,0.44796055506993004,0.6712103319334817,1.514001055153124,0.916083916083916
Tomate: ácaro araña,239,0.32436143436192466,0.6926853513368503,2.1773773539469756,0.9916317991631799
Tomate: mancha bacteriana,304,0.4623428505345395,0.6978031351770225,1.532154856217824,1.0
Tomate: mancha diana,201,0.4210080457089552,0.716963159800762,1.7267778787395345,1.0
Pimiento: mancha bacteriana,143,0.4762316979895105,0.7272919845747781,1.5432214556050532,0.986013986013986
Tomate: TYLCV,458,0.38186246247270744,0.7280464391651111,1.9662970723652735,0.9956331877729258
Pimiento: sana,211,0.5009354635663507,0.7411749165205029,1.4944513040447558,0.985781990521327
Papa: tizón temprano,143,0.5441141280594406,0.7504620764638994,1.3851299394067178,0.986013986013986
