corrida,archivo,clase_real,prediccion,confianza,correcta
effb0_noaug,01_backus-056-potato-blight.jpg,Potato___Early_blight,Tomato_Early_blight,0.7932493686676025,False
effb0_noaug,02_3023.jpg,Potato___Early_blight,Tomato_Early_blight,0.9756059050559998,False
effb0_noaug,03_potato-blight-phytophthora-infestans-close-up-of-upper-surface-of-BMMRXC.jpg,Potato___Early_blight,Tomato_Late_blight,0.7675569653511047,False
effb0_noaug,04_early-blight-alternaria-alternata-leaf-spotting-on-potato-leaf-X91XJE.jpg,Potato___Early_blight,Potato___Early_blight,0.570341944694519,True
effb0_noaug,05_potatobd001.jpg,Potato___Early_blight,Tomato_Late_blight,0.4903811514377594,False
effb0_noaug,01_5816740026_d42ef24413_Phytophthora-Infestans.jpg,Potato___Late_blight,Tomato_Late_blight,0.8099098205566406,False
effb0_noaug,02_20090710-lateblight.jpg,Potato___Late_blight,Tomato_Late_blight,0.850492537021637,False
effb0_noaug,03_LateBlight04.jpg,Potato___Late_blight,Tomato_Early_blight,0.8339143395423889,False
effb0_noaug,04_1421_0.jpeg_itok=FMtmgePj.jpg,Potato___Late_blight,Tomato_Late_blight,0.5882707834243774,False
effb0_noaug,05_B2750109-Late_blight_on_a_potato_plant-SPL.jpg,Potato___Late_blight,Pepper__bell___Bacterial_spot,0.678683876991272,False
effb0_noaug,01_tomato_bacterial-speck_01_zoom.jpg,Tomato_Bacterial_spot,Tomato_Early_blight,0.5083940625190735,False
effb0_noaug,02_bact-spot-fig-1.jpg,Tomato_Bacterial_spot,Pepper__bell___Bacterial_spot,0.8689443469047546,False
effb0_noaug,03_07.17.18-Common_Tomato_Diseases_Canker-258x300.jpg,Tomato_Bacterial_spot,Pepper__bell___Bacterial_spot,0.9889561533927917,False
effb0_noaug,04_Tom_Bact3.jpg,Tomato_Bacterial_spot,Tomato_Septoria_leaf_spot,0.6799024343490601,False
effb0_noaug,05_Tom_Bact7.jpg,Tomato_Bacterial_spot,Tomato_Septoria_leaf_spot,0.8088629841804504,False
effb0_noaug,01_early_blight1-150x150.jpg,Tomato_Early_blight,Tomato_Early_blight,0.8952925205230713,True
effb0_noaug,02_039b47d574bc4bb8a14259a1cd96a741.jpg,Tomato_Early_blight,Tomato_Late_blight,0.5291873216629028,False
effb0_noaug,03_earlyblight21_.jpg,Tomato_Early_blight,Pepper__bell___Bacterial_spot,0.7089628577232361,False
effb0_noaug,04_tomato_early-blight_01_zoom.jpg,Tomato_Early_blight,Tomato_Early_blight,0.9549648761749268,True
effb0_noaug,05_100983448.jpg,Tomato_Early_blight,Tomato_Early_blight,0.9995105266571045,True
effb0_noaug,01_dsc_8148cs.jpg,Tomato_Late_blight,Tomato_Late_blight,0.9431059956550598,True
effb0_noaug,02_70.jpg,Tomato_Late_blight,Tomato_Early_blight,0.33059364557266235,False
effb0_noaug,03_636368370164094909-late-blight-15-.jpg,Tomato_Late_blight,Tomato_Early_blight,0.702243983745575,False
effb0_noaug,04_image.jpg,Tomato_Late_blight,Tomato_Late_blight,0.8470771908760071,True
effb0_noaug,05_IMG_5808.jpg,Tomato_Late_blight,Tomato_Late_blight,0.5084198713302612,True
effb0_noaug,01_55830b60a7cf2.image.jpg,Tomato_Septoria_leaf_spot,Tomato_Early_blight,0.7308213114738464,False
effb0_noaug,02_RARZ4.jpg,Tomato_Septoria_leaf_spot,Tomato_Early_blight,0.9337300062179565,False
effb0_noaug,03_0.jpg,Tomato_Septoria_leaf_spot,Tomato_Late_blight,0.8735764026641846,False
effb0_noaug,04_sept4disease-019.jpg,Tomato_Septoria_leaf_spot,Tomato_Early_blight,0.9534061551094055,False
effb0_noaug,05_636227737977191231-septoria-leaf-spot-VT.jpg,Tomato_Septoria_leaf_spot,Tomato_Early_blight,0.9797161817550659,False
effb0_aug,01_backus-056-potato-blight.jpg,Potato___Early_blight,Tomato_Early_blight,0.992155909538269,False
effb0_aug,02_3023.jpg,Potato___Early_blight,Tomato_Early_blight,0.9949736595153809,False
effb0_aug,03_potato-blight-phytophthora-infestans-close-up-of-upper-surface-of-BMMRXC.jpg,Potato___Early_blight,Potato___Late_blight,0.6287625432014465,False
effb0_aug,04_early-blight-alternaria-alternata-leaf-spotting-on-potato-leaf-X91XJE.jpg,Potato___Early_blight,Potato___Late_blight,0.586383044719696,False
effb0_aug,05_potatobd001.jpg,Potato___Early_blight,Pepper__bell___Bacterial_spot,0.5097232460975647,False
effb0_aug,01_5816740026_d42ef24413_Phytophthora-Infestans.jpg,Potato___Late_blight,Tomato_Late_blight,0.9911383986473083,False
effb0_aug,02_20090710-lateblight.jpg,Potato___Late_blight,Tomato_Late_blight,0.9712231755256653,False
effb0_aug,03_LateBlight04.jpg,Potato___Late_blight,Tomato_Early_blight,0.4126364290714264,False
effb0_aug,04_1421_0.jpeg_itok=FMtmgePj.jpg,Potato___Late_blight,Tomato_Late_blight,0.7869566082954407,False
effb0_aug,05_B2750109-Late_blight_on_a_potato_plant-SPL.jpg,Potato___Late_blight,Tomato_Late_blight,0.59162837266922,False
effb0_aug,01_tomato_bacterial-speck_01_zoom.jpg,Tomato_Bacterial_spot,Tomato_Early_blight,0.85032719373703,False
effb0_aug,02_bact-spot-fig-1.jpg,Tomato_Bacterial_spot,Pepper__bell___Bacterial_spot,0.8679166436195374,False
effb0_aug,03_07.17.18-Common_Tomato_Diseases_Canker-258x300.jpg,Tomato_Bacterial_spot,Pepper__bell___Bacterial_spot,0.5409632325172424,False
effb0_aug,04_Tom_Bact3.jpg,Tomato_Bacterial_spot,Tomato_Late_blight,0.9959949254989624,False
effb0_aug,05_Tom_Bact7.jpg,Tomato_Bacterial_spot,Pepper__bell___healthy,0.39074626564979553,False
effb0_aug,01_early_blight1-150x150.jpg,Tomato_Early_blight,Tomato_Early_blight,0.9571528434753418,True
effb0_aug,02_039b47d574bc4bb8a14259a1cd96a741.jpg,Tomato_Early_blight,Tomato_Early_blight,0.8650369048118591,True
effb0_aug,03_earlyblight21_.jpg,Tomato_Early_blight,Pepper__bell___healthy,0.7473328709602356,False
effb0_aug,04_tomato_early-blight_01_zoom.jpg,Tomato_Early_blight,Tomato_Early_blight,0.9911292791366577,True
effb0_aug,05_100983448.jpg,Tomato_Early_blight,Tomato_Early_blight,0.9953153133392334,True
effb0_aug,01_dsc_8148cs.jpg,Tomato_Late_blight,Tomato_Late_blight,0.9988773465156555,True
effb0_aug,02_70.jpg,Tomato_Late_blight,Tomato_Early_blight,0.9656932353973389,False
effb0_aug,03_636368370164094909-late-blight-15-.jpg,Tomato_Late_blight,Tomato_Late_blight,0.5870780348777771,True
effb0_aug,04_image.jpg,Tomato_Late_blight,Tomato_Late_blight,0.6169559359550476,True
effb0_aug,05_IMG_5808.jpg,Tomato_Late_blight,Tomato_Late_blight,0.5716841816902161,True
effb0_aug,01_55830b60a7cf2.image.jpg,Tomato_Septoria_leaf_spot,Pepper__bell___Bacterial_spot,0.5374294519424438,False
effb0_aug,02_RARZ4.jpg,Tomato_Septoria_leaf_spot,Tomato_Early_blight,0.9610632658004761,False
effb0_aug,03_0.jpg,Tomato_Septoria_leaf_spot,Tomato_Late_blight,0.5294321775436401,False
effb0_aug,04_sept4disease-019.jpg,Tomato_Septoria_leaf_spot,Tomato_Early_blight,0.8940166234970093,False
effb0_aug,05_636227737977191231-septoria-leaf-spot-VT.jpg,Tomato_Septoria_leaf_spot,Tomato_Early_blight,0.9560217261314392,False
