corrida,modelo,augmentation,perturbacion,accuracy,balanced_acc,macro_f1
mnv3s_noaug,mobilenet_v3_small,False,clean,0.993218040013564,0.9865599581204713,0.9867476543583422
mnv3s_noaug,mobilenet_v3_small,False,dark,0.9681247880637505,0.9549146618930361,0.9611838731547179
mnv3s_noaug,mobilenet_v3_small,False,bright,0.981010512037979,0.9780130218691073,0.9751165824412868
mnv3s_noaug,mobilenet_v3_small,False,rotation_25,0.9033570701932858,0.8766506137799739,0.8832826928783459
mnv3s_noaug,mobilenet_v3_small,False,zoom_20,0.9694811800610377,0.9626861089862542,0.9648046571533222
mnv3s_noaug,mobilenet_v3_small,False,blur,0.7839945744320108,0.793645624662532,0.8041023715523397
mnv3s_aug,mobilenet_v3_small,True,clean,0.9905052560189895,0.9843724229190406,0.9856920279976256
mnv3s_aug,mobilenet_v3_small,True,dark,0.9891488640217023,0.9836587184451717,0.9842472207256993
mnv3s_aug,mobilenet_v3_small,True,bright,0.9871142760257714,0.98037701222658,0.9820932974586561
mnv3s_aug,mobilenet_v3_small,True,rotation_25,0.9840623940318752,0.979569982081562,0.9769000311749532
mnv3s_aug,mobilenet_v3_small,True,zoom_20,0.9922007460155985,0.9888335422437291,0.9893214189486393
mnv3s_aug,mobilenet_v3_small,True,blur,0.984401492031197,0.9774605263963728,0.9805867331312571
effb0_noaug,efficientnet_b0,False,clean,0.9945744320108512,0.9917405936029273,0.9927996565453157
effb0_noaug,efficientnet_b0,False,dark,0.9891488640217023,0.9840959154122009,0.9858582373236426
effb0_noaug,efficientnet_b0,False,bright,0.9901661580196677,0.9879084603030133,0.9886291556912798
effb0_noaug,efficientnet_b0,False,rotation_25,0.9206510681586979,0.8981732094180709,0.9072404758921648
effb0_noaug,efficientnet_b0,False,zoom_20,0.9816887080366226,0.9725899924072453,0.9768640781760547
effb0_noaug,efficientnet_b0,False,blur,0.742285520515429,0.765648776075949,0.7497465475069814
effb0_aug,efficientnet_b0,True,clean,0.9952526280094948,0.9955357345752206,0.9951831111486147
effb0_aug,efficientnet_b0,True,dark,0.9938962360122076,0.9913717906623226,0.9922208779754516
effb0_aug,efficientnet_b0,True,bright,0.9938962360122076,0.9946177142096737,0.9943137286394944
effb0_aug,efficientnet_b0,True,rotation_25,0.9894879620210241,0.986484043143781,0.9879801749475318
effb0_aug,efficientnet_b0,True,zoom_20,0.9938962360122076,0.9906896498531462,0.9921064701289782
effb0_aug,efficientnet_b0,True,blur,0.984401492031197,0.9798548586051197,0.9814003724285759
